Name,Channel Info,Category,No of Followers,No of Posts,Avg No of Likes,Time since last post,Time since last Like,Time since last Comment,Avg_daily_time_spend
Account_9290,brand,Sports,476996,896,1377,2908,2764,135,34
Account_4287,male,Fashion,618668,1346,86115,3166,4840,4664,284
Account_3998,brand,Music,990313,1075,61987,1337,497,1166,20
Account_9703,brand,Music,21086,2226,66157,3649,3675,808,32
Account_9996,male,Photography,996075,2505,21077,352,2249,1835,67
Account_5853,male,Health,429865,492,56174,2938,1863,3732,140
Account_7256,brand,Music,106182,1022,97519,4916,1034,4986,154
Account_9357,brand,Health,610772,2116,86459,4822,718,2138,150
Account_6121,brand,Music,240019,1679,7125,2249,381,2131,150
Account_8066,female,Sports,597652,2369,30677,2974,1824,1618,40
Account_6589,female,Health,869167,809,7543,345,5071,4411,229
Account_5483,male,Health,873474,397,20189,3874,4965,2414,193
Account_1337,female,Travel,216871,2402,44072,3428,514,4155,174
Account_3481,male,Fashion,273635,117,23315,3329,1530,1436,259
Account_9827,female,Health,594180,1113,43598,1367,668,3734,129
Account_5036,female,Photography,858423,2103,38400,3753,3658,3232,235
Account_9702,brand,Health,305314,1509,75115,2416,36,5103,150
Account_6912,female,Fitness,435497,944,81714,790,1612,2563,220
Account_1432,brand,Entertainment,420027,1475,61116,3261,724,4794,166
Account_1662,male,Fashion,651758,710,47280,1934,2372,1854,239
Account_3663,male,Fitness,616492,2268,57382,3862,145,1570,39
Account_2669,brand,Health,666731,2965,52692,329,3861,812,20
Account_5441,female,Fashion,164796,1533,38170,1410,3995,2743,284
Account_9052,female,Business,237080,301,94129,2720,3759,2611,295
Account_7902,male,Business,679249,1328,58535,1292,138,482,195
Account_7680,female,Fitness,431272,2795,73401,1602,1377,3341,98
Account_2123,male,Fashion,150788,8,60461,667,4942,1032,108
Account_3198,male,Sports,895178,1969,58807,1131,2999,3708,162
Account_7024,male,Art,901689,2739,90306,1821,1795,2726,116
Account_6967,brand,Sports,379418,2922,66146,4515,2430,4815,208
Account_3019,female,Music,101881,1741,26921,810,4168,1682,200
Account_9105,male,Art,47011,447,1773,2495,52,2903,299
Account_3653,brand,Music,901948,1818,96076,1849,3492,961,249
Account_6136,brand,Fashion,837771,1131,71892,1433,2582,3403,52
Account_5235,brand,Fitness,892550,1373,44856,1292,4255,2888,218
Account_4041,female,Fashion,680902,2504,36180,2829,4734,2827,214
Account_6950,female,Sports,129997,1177,22328,1512,3066,2614,282
Account_1132,female,Entertainment,784930,1103,90966,2905,4643,3552,280
Account_1536,brand,Health,385610,918,11257,4287,4638,3048,103
Account_7978,male,Travel,392978,104,51854,1181,2466,2280,237
Account_5035,female,Photography,471781,349,63489,2825,2373,1504,93
Account_5847,female,Health,1,2433,29062,1121,1437,4060,241
Account_3819,male,Art,277816,1287,81841,4799,153,1866,200
Account_6368,male,Sports,760924,1831,13733,2180,4086,1439,24
Account_4345,female,Sports,477584,382,52429,1257,2640,2960,106
Account_5904,male,Business,144259,2138,9522,2699,637,2177,157
Account_9563,male,Health,145179,1284,51486,86,3656,839,246
Account_7932,male,Business,176279,1230,4901,4961,4972,3893,252
Account_6309,brand,Fashion,390729,2312,83706,510,3071,1037,217
Account_2127,male,Sports,396383,2080,93794,4043,1249,4295,238
Account_5718,brand,Music,420471,1738,44408,533,909,5030,84
Account_2564,brand,Sports,818057,1945,55738,1961,2319,2628,279
Account_4730,brand,Art,258463,1254,13,1845,4178,2211,145
Account_5159,female,Art,825790,274,6360,4723,4204,1652,203
Account_7072,brand,Art,151123,743,31975,2385,4216,1133,65
Account_4982,brand,Entertainment,446056,839,28518,2288,2090,2513,265
Account_2677,male,Music,694988,661,27091,2844,1781,1877,239
Account_2988,male,Music,576013,1262,24759,3312,4808,3731,267
Account_2014,brand,Fashion,33859,1273,60390,3564,1155,2456,63
Account_4964,brand,Music,886318,291,48175,4755,2786,3980,264
Account_1615,male,Art,779260,941,31802,3857,2035,194,76
Account_9552,brand,Entertainment,176718,2287,75410,4607,2834,4916,82
Account_1969,brand,Photography,220987,2362,50346,1699,4255,1417,166
Account_3272,female,Photography,872138,1332,97106,3763,4569,879,148
Account_8136,female,Entertainment,380927,259,98085,3095,362,5061,67
Account_3957,brand,Fashion,746296,395,16682,2473,2362,1994,70
Account_8392,male,Fitness,72043,2995,7695,2622,1913,1788,169
Account_4847,female,Fashion,458801,2534,42138,4336,2689,1993,290
Account_2395,brand,Entertainment,819039,574,93238,1840,566,4303,106
Account_4876,female,Art,81597,113,7970,4278,72,585,240
Account_3251,female,Art,410150,2813,80226,442,3484,1529,99
Account_8954,brand,Business,884687,2063,75186,5013,1148,1415,132
Account_1754,male,Photography,685028,2227,94744,3592,1351,2639,54
Account_3293,brand,Art,701418,2520,26432,862,4033,731,145
Account_3861,male,Sports,234466,857,83393,2032,2455,1635,58
Account_6266,male,Health,836571,1102,99007,4588,1889,3087,289
Account_9126,brand,Sports,581982,1553,19076,3671,5007,61,242
Account_5486,brand,Fitness,166347,2985,51450,1425,4524,276,73
Account_6187,male,Entertainment,757022,445,22458,4541,1021,908,239
Account_9011,brand,Travel,900961,2474,92702,814,880,2133,230
Account_6927,brand,Photography,389153,1724,86622,474,2042,2722,109
Account_5294,female,Art,770841,1956,88307,801,138,4465,86
Account_7315,female,Fashion,602107,2773,83532,2262,5102,4693,147
Account_9362,brand,Entertainment,54909,1319,43439,4047,4117,1949,238
Account_2342,brand,Entertainment,482438,367,74045,846,473,228,41
Account_1095,brand,Fitness,627298,338,26,1820,4260,1477,47
Account_4422,brand,Fashion,232947,128,72897,3537,3554,1683,164
Account_5705,male,Sports,280679,557,84223,2724,4125,627,21
Account_8268,female,Music,245975,2471,90790,573,2631,3515,17
Account_2388,brand,Sports,93241,1959,93409,1780,424,30,68
Account_1425,male,Fashion,629552,161,9876,678,3199,2005,13
Account_8473,brand,Sports,919277,2620,68918,3861,4445,4184,37
Account_4421,female,Fashion,973384,584,32690,4594,2222,3774,159
Account_1472,male,Art,174997,1392,73771,1521,722,1801,140
Account_7169,brand,Photography,73203,1221,53852,2879,382,996,190
Account_9431,brand,Fitness,980379,964,10691,2258,2294,3442,67
Account_3270,female,Fashion,89150,1629,1626,304,459,3828,141
Account_5700,female,Entertainment,909626,1212,8949,3538,315,4628,104
Account_7623,brand,Sports,275787,2809,89785,4623,4650,1897,91
Account_9343,male,Entertainment,46550,1038,67964,2644,4145,4606,274
Account_1406,brand,Travel,872022,247,41700,1224,4894,2877,197
Account_8222,brand,Fashion,461406,1123,59795,280,1593,2813,209
Account_7533,brand,Art,92643,1335,77027,1736,1976,3366,293
Account_6709,female,Travel,677217,2620,28801,3212,3510,4613,256
Account_2026,brand,Art,73046,452,32276,2431,1883,4739,244
Account_5705,female,Sports,390836,98,57386,4588,4570,1892,180
Account_5927,male,Travel,67660,2214,72800,4419,4718,4838,37
Account_5900,male,Sports,148277,2186,6471,3290,3448,3397,68
Account_6786,male,Art,963796,562,34785,2798,4116,5021,182
Account_7044,male,Business,940989,1412,57771,1892,3284,2908,139
Account_7813,female,Health,154841,149,62762,4267,1828,3559,297
Account_6852,brand,Music,612537,1981,71899,1515,4952,2479,154
Account_1745,male,Sports,332394,1052,30514,1050,679,1535,66
Account_1990,female,Music,786624,10,11938,1970,1117,2922,107
Account_1617,male,Photography,577932,119,85606,3560,1771,3761,154
Account_2677,brand,Music,742438,141,4973,2300,246,2768,224
Account_8971,male,Business,975879,2351,94759,2902,1265,1176,221
Account_5193,male,Fitness,468897,551,54228,4029,3557,2957,234
Account_6946,female,Travel,670238,10,37282,3037,1659,376,292
Account_8371,female,Fashion,784627,2578,98991,359,3653,3391,113
Account_3074,male,Business,983452,823,75948,819,4462,2183,291
Account_3398,brand,Health,219394,810,52030,4614,1949,2652,173
Account_6320,male,Art,301798,1226,45264,1063,1928,1841,228
Account_5101,male,Music,656703,1361,49037,3642,990,4841,264
Account_7343,brand,Business,624211,1354,54087,2494,4181,3257,282
Account_9253,male,Sports,796588,1208,82071,448,913,3634,239
Account_2622,male,Art,52388,1186,26718,1084,4159,1279,195
Account_8219,male,Entertainment,519417,2573,89722,2997,4454,2847,120
Account_1132,brand,Fashion,41955,1277,63598,3701,2726,3562,160
Account_5158,male,Sports,102036,731,39949,3776,708,4087,131
Account_8572,male,Fashion,411431,836,87137,4255,4358,1075,19
Account_5696,male,Fitness,784272,1373,88224,2282,1918,4712,59
Account_3966,female,Fashion,2372,1732,6239,3441,1126,2198,108
Account_7338,female,Photography,818727,739,22261,1857,4013,4098,294
Account_3848,female,Health,537797,487,31090,2765,2886,1307,225
Account_4740,brand,Travel,482202,2100,2875,1777,464,3833,78
Account_1872,brand,Entertainment,21622,2292,67278,4606,4091,4343,219
Account_5276,female,Fitness,623589,2679,53114,272,603,3873,36
Account_3751,brand,Entertainment,386046,2589,38068,550,4421,2246,112
Account_4349,male,Sports,817773,1304,61569,1109,4188,2661,108
Account_8095,brand,Art,198500,2536,44372,2499,4214,2246,99
Account_3973,female,Fashion,847108,1434,31866,3977,1425,3984,77
Account_1782,brand,Fitness,962861,2880,28798,56,228,2865,143
Account_2528,male,Entertainment,393518,1372,502,149,4143,585,245
Account_3682,brand,Photography,126933,2716,91269,3142,3593,4780,184
Account_7677,brand,Entertainment,81698,1365,45841,4723,4979,769,136
Account_7573,male,Fitness,285922,257,2425,3439,1089,1044,287
Account_7681,female,Business,222541,2247,98412,4578,3235,4147,132
Account_7122,male,Fitness,661097,1150,25302,1705,77,2121,200
Account_3635,male,Health,707761,2614,14885,1606,295,4067,167
Account_4985,brand,Music,201311,2295,50163,1599,286,862,21
Account_8941,brand,Music,901630,644,1229,1065,4904,1679,291
Account_1036,female,Health,115272,1432,75024,4515,1066,244,56
Account_1543,brand,Music,685413,2460,35347,3510,2662,4132,41
Account_2795,female,Entertainment,99966,2844,17494,5051,731,691,56
Account_7963,brand,Health,322889,1233,92592,4334,1115,1098,291
Account_9917,brand,Business,608799,1838,60268,3700,5024,3781,92
Account_8667,female,Fitness,620983,1609,86902,3499,4967,1351,289
Account_1021,male,Health,498962,726,80586,821,2335,5025,193
Account_9310,male,Business,529828,2863,93737,4134,2955,3998,254
Account_5260,male,Health,884645,1902,80006,4361,5090,464,159
Account_7621,male,Photography,185056,132,47907,2505,695,1631,248
Account_6146,female,Photography,313493,136,18106,3080,3623,4212,209
Account_8488,brand,Fitness,546375,274,39085,4952,2513,1218,174
Account_9769,male,Travel,726363,368,97327,2706,2515,4662,100
Account_1726,brand,Health,37087,1924,79913,532,2085,994,71
Account_9219,male,Music,921905,956,85166,4470,4236,2357,294
Account_5274,female,Sports,84583,2612,76647,1581,1502,4710,261
Account_1210,male,Sports,249404,928,73294,4860,1519,438,209
Account_7090,brand,Entertainment,955861,2124,81485,3619,2854,5096,296
Account_7026,female,Entertainment,799069,1496,62761,687,1202,117,226
Account_2986,male,Fashion,165799,2977,57002,1074,1229,1067,233
Account_3671,female,Entertainment,80950,1278,30211,1318,4909,4861,257
Account_9543,male,Sports,281563,570,73330,1429,1779,1006,93
Account_4201,female,Fitness,370090,140,37186,2163,4800,1976,156
Account_8407,female,Fashion,353731,2558,86325,2833,4150,4161,280
Account_6721,female,Fashion,905091,2014,23525,4080,810,31,151
Account_3550,brand,Travel,957124,1599,75050,4246,4423,1543,111
Account_2210,brand,Business,223355,2542,20092,50,2820,3328,99
Account_3364,brand,Fashion,113125,1951,46879,3466,3307,4086,185
Account_8052,male,Art,953950,1405,3795,3502,4530,4932,42
Account_3295,female,Fashion,698688,1529,78454,4483,3546,4950,112
Account_5977,male,Entertainment,350547,332,96544,4193,839,2037,51
Account_4697,female,Fashion,838204,786,29418,1694,732,1074,56
Account_1342,female,Fitness,597931,1473,61121,5065,3163,3018,124
Account_3042,male,Sports,442119,859,35452,711,4564,3151,278
Account_6863,female,Health,689716,591,75217,3530,3159,82,15
Account_7198,female,Music,350050,2176,95691,3392,269,4500,195
Account_9527,female,Photography,35953,1810,85850,1104,2556,4291,10
Account_1736,female,Fitness,682072,1650,37598,543,4287,3736,183
Account_6819,male,Art,796745,2536,53860,4409,460,741,138
Account_5158,brand,Art,795617,270,44555,4734,4976,770,247
Account_5383,female,Travel,827052,1701,74695,3811,4970,3961,42
Account_4333,brand,Sports,610322,125,10382,220,3773,1448,71
Account_6559,male,Entertainment,183225,2291,71805,1387,4352,1942,93
Account_3555,brand,Business,501941,804,17922,2785,4011,131,71
Account_9657,male,Photography,543562,2510,78510,695,4494,3539,167
Account_8914,male,Fitness,3376,2324,95424,1164,3011,1823,258
Account_3004,brand,Photography,984271,2005,9994,2905,1288,678,271
Account_4152,female,Sports,267286,1074,82120,2490,1767,509,139
Account_5411,female,Fitness,714907,1554,20764,3348,3181,1852,121
Account_5227,male,Photography,294919,1754,51621,437,2991,4587,100
Account_4764,brand,Art,361868,2026,40203,654,1156,905,162
Account_5144,male,Art,93116,776,10581,3970,3388,300,26
Account_7833,male,Fitness,440787,2308,34453,4033,1663,4954,231
Account_3360,brand,Sports,310167,140,24435,3341,2293,1390,168
Account_3278,male,Entertainment,356419,1414,606,1675,4410,2714,155
Account_1937,female,Fitness,799561,444,32856,1171,2696,3264,56
Account_8094,brand,Music,294071,2382,45501,1247,2620,327,80
Account_9074,brand,Health,390470,837,22846,4643,522,1115,76
Account_6089,male,Business,497300,2337,18792,1328,2874,4063,254
Account_2363,brand,Travel,742898,2622,56441,4385,3070,5014,252
Account_7961,female,Entertainment,131455,2237,79111,2194,3399,3425,220
Account_4651,female,Photography,385355,2318,38,1609,1437,3918,37
Account_3711,male,Sports,875581,995,74304,5059,2221,5040,82
Account_7239,male,Entertainment,163912,2724,27258,1088,4347,875,66
Account_8896,brand,Music,266499,2823,40959,2334,1488,1819,124
Account_4416,female,Health,246222,517,92491,2958,2529,4755,94
Account_4601,brand,Sports,378915,1701,94347,2953,4777,3081,290
Account_3802,male,Sports,236933,646,13089,2175,1217,4158,41
Account_4311,male,Art,899782,1898,99532,3348,3116,3595,51
Account_2632,female,Fashion,870947,2817,70118,4438,2401,4646,138
Account_7650,brand,Health,317631,829,40724,4957,4108,3777,272
Account_9148,male,Sports,908309,312,51670,2160,603,2926,49
Account_3738,male,Music,662773,891,79584,2731,2530,364,194
Account_3361,brand,Business,417952,2056,8384,1648,2050,62,239
Account_7962,female,Travel,23748,287,51189,4724,2459,2992,150
Account_4230,female,Entertainment,417018,1652,13497,3203,836,4437,264
Account_4098,female,Fitness,872420,1867,53679,4775,1538,4430,151
Account_8279,female,Entertainment,55392,933,86732,578,1818,4360,40
Account_3189,brand,Business,38128,2812,90943,1874,623,2725,236
Account_7403,male,Health,878777,577,90298,1430,2850,58,22
Account_8479,brand,Travel,419364,191,12871,1218,3948,4497,13
Account_4016,male,Sports,392717,576,95270,1280,2594,1586,195
Account_4650,female,Fashion,580649,913,33277,1988,1356,2115,167
Account_5323,female,Photography,587776,2085,55771,4781,2854,4685,202
Account_2034,brand,Fitness,437376,2498,80388,4652,392,2651,174
Account_1859,male,Sports,961384,902,46545,1671,230,1557,285
Account_1217,brand,Fitness,96932,495,80514,3909,2724,2251,21
Account_1243,brand,Fashion,373059,402,59734,2033,3652,725,193
Account_6466,male,Photography,315633,1350,55152,41,1222,3462,102
Account_3991,brand,Business,555502,749,63771,4864,777,3306,259
Account_6731,brand,Music,664346,326,53185,292,2880,446,117
Account_6593,brand,Business,822685,1520,57888,2677,1900,5003,241
Account_8305,male,Fitness,533934,154,3304,1666,4477,43,187
Account_7264,brand,Photography,415859,624,38960,2889,835,286,252
Account_9905,brand,Travel,7113,476,69030,3937,2746,3979,205
Account_7943,male,Art,643302,1402,2010,874,3343,5000,168
Account_3530,female,Fashion,522200,905,93545,3639,1263,965,184
Account_4873,female,Fitness,333896,179,76065,3093,1597,2890,197
Account_8652,male,Music,86419,1327,79704,902,3322,2299,115
Account_5418,brand,Fitness,566050,2112,24673,2498,4086,632,221
Account_4558,male,Business,970870,570,81323,1074,4480,2879,92
Account_2040,brand,Music,614150,1730,19633,2418,2178,177,210
Account_5773,male,Travel,703389,2881,55188,870,4910,2964,202
Account_1475,brand,Music,779815,2403,57436,4177,4714,317,142
Account_4094,female,Business,988098,2488,92848,4709,2635,1243,210
Account_1098,male,Business,117616,354,42922,3134,3669,2650,41
Account_5452,female,Business,448661,310,30319,2952,2801,2324,13
Account_9491,brand,Health,6842,1380,41896,1113,4086,2283,152
Account_6394,male,Entertainment,442835,34,56905,4398,1116,287,198
Account_9857,female,Health,443912,1458,76206,2584,2589,4897,152
Account_1935,male,Art,157613,674,88087,1190,981,1550,17
Account_2939,female,Travel,961324,510,92031,1475,2732,5093,172
Account_6296,female,Business,612266,2666,27898,3083,5014,4602,241
Account_3834,brand,Art,868257,161,91462,4973,3382,2520,298
Account_7696,male,Fashion,106888,1199,81271,404,4798,1783,173
Account_4077,brand,Travel,885641,723,96157,2307,3324,4318,267
Account_3616,brand,Photography,524982,1279,23643,4912,4082,54,231
Account_7434,male,Business,741792,1471,62135,4258,3774,1712,164
Account_6510,female,Business,393176,24,37185,4363,348,1687,250
Account_6166,female,Health,120031,1322,88675,884,3507,502,175
Account_8152,brand,Health,876354,2178,87645,4179,2419,541,266
Account_6411,female,Entertainment,516105,667,2023,1211,2806,1596,263
Account_8074,brand,Fitness,417396,1331,32556,3299,2560,160,222
Account_3902,brand,Business,507580,458,29796,2639,805,2136,254
Account_2230,brand,Business,829405,1157,2974,2973,4399,1232,242
Account_3060,brand,Sports,7785,733,20974,24,4217,4780,143
Account_9947,male,Entertainment,679273,2063,33199,1039,3100,890,192
Account_6589,male,Entertainment,985081,2699,22028,1721,580,4110,197
Account_7809,female,Fitness,673212,2057,37982,2519,1789,4144,172
Account_7233,male,Business,897672,811,87313,3329,3782,313,280
Account_9644,female,Travel,34408,447,98225,4209,4010,2638,116
Account_4764,male,Fashion,754565,574,34288,3756,1299,2496,133
Account_2060,brand,Fitness,174627,1191,22086,222,1896,2497,18
Account_5950,male,Fashion,865055,751,60592,2057,3557,4053,15
Account_7720,male,Fashion,764933,1265,21253,4253,4850,4833,17
Account_3536,male,Travel,242731,1978,51342,3769,4445,2501,206
Account_8352,brand,Fitness,14883,1681,56406,2046,1569,4148,222
Account_9318,male,Music,657078,1297,39092,3765,4583,2109,17
Account_5471,male,Fashion,891508,403,31017,2022,1898,4367,249
Account_6861,female,Fashion,347543,1206,59753,823,3828,870,290
Account_2269,female,Health,559541,2342,6790,1607,1164,524,279
Account_7172,brand,Photography,476989,568,12082,499,4714,3401,126
Account_9590,male,Fitness,5407,1669,76386,211,4425,2818,237
Account_4505,male,Music,102112,1013,49451,813,3246,4441,19
Account_8355,brand,Photography,27355,2667,90077,486,2563,3652,190
Account_4696,male,Travel,491685,2281,807,2460,2784,217,259
Account_4637,brand,Business,411723,460,73917,3641,4594,1286,53
Account_8831,male,Travel,825540,2346,97550,4314,1379,1438,10
Account_4679,male,Fitness,16437,112,11618,3169,4319,3622,142
Account_1813,female,Fashion,76490,1549,91340,2847,2777,3088,291
Account_7641,male,Health,981905,460,73149,397,3565,1827,90
Account_1835,brand,Entertainment,574199,1725,53290,211,2480,863,146
Account_2955,female,Entertainment,903122,356,29898,4230,4834,4303,289
Account_9129,female,Travel,745246,2304,99470,4351,98,3811,227
Account_6663,brand,Entertainment,678364,2245,41627,1725,1884,3362,266
Account_9443,brand,Photography,20605,777,63113,4555,3727,484,230
Account_7554,female,Fitness,617545,442,88493,2847,3685,2719,173
Account_6425,male,Health,786414,1562,17018,2148,763,914,40
Account_4567,male,Art,164353,1777,917,246,2394,2494,15
Account_8843,brand,Health,299877,33,93430,5063,2767,1843,24
Account_2484,male,Sports,53536,2039,26764,683,29,3704,229
Account_3480,brand,Business,238305,1245,71200,5043,2569,841,52
Account_2120,brand,Music,725510,1825,19275,2738,333,4089,151
Account_4334,male,Photography,230540,2356,46208,1757,2722,1887,295
Account_7849,male,Sports,684642,1114,2124,2993,812,790,38
Account_6607,female,Travel,568969,2668,30321,4962,2460,561,113
Account_5636,female,Photography,339957,470,22543,1547,5037,2850,207
Account_2288,female,Health,620399,1623,80867,4328,1295,377,239
Account_7204,female,Photography,609449,962,17437,40,1279,1324,212
Account_3125,female,Entertainment,33575,1023,52259,3567,243,3382,93
Account_3920,male,Health,598359,1023,24373,3928,3136,3397,95
Account_7673,brand,Travel,204883,616,71939,1248,4572,2837,196
Account_9118,male,Music,769764,2745,19228,2402,200,4165,154
Account_6576,brand,Fashion,758351,846,62018,4711,487,978,171
Account_5015,male,Health,469185,2493,42120,3068,323,2875,76
Account_8698,female,Travel,349647,1494,34609,2764,4634,4416,22
Account_4202,male,Fitness,325205,572,84484,2901,1608,2415,66
Account_7242,female,Travel,152857,726,48342,2444,4174,634,244
Account_7566,brand,Fashion,870127,1371,30051,1657,995,2935,290
Account_6302,male,Fashion,853126,1812,10327,3903,2617,2703,94
Account_8660,female,Entertainment,567338,612,96683,1031,3111,2473,293
Account_1538,female,Music,557765,519,49108,1606,1084,1065,134
Account_2422,brand,Entertainment,782633,2562,28548,2761,931,322,112
Account_7449,female,Fitness,577938,2917,35998,4871,3558,2019,11
Account_4285,female,Photography,678848,1505,95248,4382,1706,4993,282
Account_1034,male,Business,545964,1934,47092,4761,589,581,130
Account_6793,female,Fashion,265271,365,54931,2107,4181,3044,96
Account_8392,male,Fashion,583698,1032,26140,3677,313,1297,33
Account_7160,brand,Health,240449,930,61273,4044,352,3563,160
Account_6635,male,Photography,741641,2740,99158,4036,4237,4507,258
Account_1754,female,Travel,323043,694,39128,564,1300,4927,169
Account_9249,brand,Entertainment,373116,1672,93305,3059,3534,1076,72
Account_3330,brand,Health,699573,1711,9435,3316,3354,3417,207
Account_4190,female,Photography,118795,2725,73133,3762,3236,2518,55
Account_1466,male,Fashion,664544,61,55695,2980,4465,1907,132
Account_4945,female,Travel,332919,2508,63603,3031,3937,206,122
Account_4305,male,Fashion,249267,99,71595,1512,2824,2200,98
Account_1641,brand,Music,597875,1127,19008,67,2783,2328,255
Account_2034,male,Fitness,850564,2938,60370,524,2451,1870,272
Account_2520,female,Music,191584,2674,80260,4295,632,2378,240
Account_4783,brand,Business,409564,727,59145,1800,1403,934,70
Account_7651,male,Business,428700,1797,68968,3623,1119,167,125
Account_8286,brand,Entertainment,380596,1042,76864,2328,1043,4811,93
Account_1001,female,Fashion,717153,2375,21483,1964,4946,4758,65
Account_5474,brand,Fashion,895389,1074,4291,4843,1964,3824,68
Account_1809,female,Art,899605,303,23263,3054,2031,4693,201
Account_6613,female,Travel,784965,647,63179,291,4076,878,297
Account_6516,male,Art,384204,2438,66537,1819,3754,2182,39
Account_3258,female,Sports,252807,834,21066,671,225,4162,209
Account_7160,male,Entertainment,419389,2681,18165,3580,3517,3167,249
Account_6870,brand,Art,476500,1066,41299,474,3430,1566,267
Account_5088,brand,Business,346644,2202,53066,2935,3327,4874,119
Account_7936,female,Fitness,56289,2747,57642,1412,2275,2011,39
Account_3782,male,Health,224903,354,84110,1248,157,928,139
Account_7666,male,Travel,706655,1833,8961,4833,4797,784,43
Account_5322,male,Travel,691464,22,41415,1066,1630,3907,287
Account_8340,brand,Health,844699,2297,13368,2097,4122,2836,202
Account_6886,female,Music,789239,149,913,1874,2378,2685,68
Account_8187,brand,Music,187241,523,30183,2867,917,5065,57
Account_8069,brand,Travel,593077,1421,98155,488,2049,3553,254
Account_9097,brand,Music,231537,1659,26978,486,623,144,60
Account_4685,male,Art,124626,1969,66901,2432,4019,3321,242
Account_2238,male,Health,628171,2753,38172,2381,5051,2649,207
Account_4695,brand,Business,337056,1251,73860,1907,4399,3986,50
Account_9846,brand,Sports,489735,2211,84354,2166,2442,3847,105
Account_9652,female,Health,236028,1188,6153,4758,250,4702,138
Account_3921,male,Art,652711,858,38433,3928,531,415,228
Account_9646,female,Photography,930332,2002,41834,4215,2291,535,233
Account_3938,male,Photography,280593,81,18099,2062,1513,1024,156
Account_5942,female,Art,72673,363,86829,1071,893,4117,189
Account_1391,male,Music,694592,2850,2566,4202,3919,832,191
Account_3762,brand,Art,994841,80,77999,1447,3628,1415,31
Account_9182,male,Business,243674,1398,177,1967,3701,2137,33
Account_1772,male,Travel,820034,1333,68893,112,693,2147,11
Account_7135,brand,Sports,268552,435,68806,2963,1833,1155,62
Account_6259,female,Photography,18228,2062,49545,1443,2610,3391,159
Account_2368,female,Entertainment,933425,2573,95464,2203,2537,1021,269
Account_6666,female,Fashion,364382,1729,92567,935,4745,1140,24
Account_5742,male,Travel,289012,820,24963,2888,446,3069,174
Account_9087,brand,Health,573725,347,4254,1762,4305,5008,181
Account_7960,male,Fitness,587979,162,88218,1298,2228,2503,266
Account_2043,brand,Sports,352578,1014,77057,380,19,4928,279
Account_6348,male,Entertainment,696765,2801,63538,2320,1952,4068,81
Account_3328,brand,Fitness,878298,2634,94799,1625,3890,3704,144
Account_8172,female,Business,385940,2701,96676,4341,4021,3145,174
Account_4786,female,Sports,276863,2965,91862,2477,4363,1005,11
Account_5254,female,Fitness,810122,1451,90283,2674,2185,3537,216
Account_4740,female,Travel,869970,2527,19969,2680,4137,4476,162
Account_1981,brand,Art,50932,2863,99236,157,1023,994,215
Account_5708,brand,Fitness,196439,1171,94201,2387,3678,99,152
Account_7564,female,Fashion,534158,654,10714,1792,764,3350,279
Account_3021,brand,Health,34233,2853,4619,4996,629,2833,10
Account_6467,brand,Entertainment,99457,2064,37496,1014,3419,738,78
Account_6090,brand,Business,190981,2571,92941,1150,2506,175,48
Account_3418,brand,Fitness,974857,451,37671,3714,460,1496,188
Account_1122,male,Entertainment,479172,2153,91290,4890,4333,3125,198
Account_7565,male,Photography,207414,1763,44979,216,4841,3457,281
Account_2965,brand,Business,828971,598,78276,710,904,4776,223
Account_8003,female,Entertainment,924870,2277,41613,2142,3729,3205,219
Account_2641,brand,Health,549872,1556,62954,795,4266,2893,212
Account_7452,male,Music,273948,1838,4035,1508,2674,4207,114
Account_1862,brand,Fashion,25199,2007,46311,1867,4795,1951,114
Account_1808,female,Music,795757,1355,90874,269,1749,2439,192
Account_7287,female,Fitness,889306,19,66624,4668,2093,868,125
Account_2860,brand,Sports,848758,2602,88528,2101,4593,87,182
Account_1233,male,Travel,284376,2990,50182,2607,4177,4652,54
Account_2665,female,Music,846719,2899,16558,1373,1436,979,46
Account_6008,female,Entertainment,168477,140,29271,3044,4590,3552,274
Account_2358,male,Sports,197940,1825,54717,1784,372,2476,46
Account_3249,brand,Art,456324,1362,20674,1818,3219,2165,35
Account_7013,female,Art,473156,2397,47663,3150,817,4555,116
Account_8046,male,Business,606936,2169,41043,138,1926,1690,38
Account_2429,female,Sports,925516,1342,13428,4149,334,1539,234
Account_1961,brand,Sports,308037,676,14610,4081,3155,4504,214
Account_1543,male,Music,902778,2466,35060,684,1044,1916,119
Account_9229,brand,Business,158334,1697,33976,369,1679,4300,80
Account_3627,brand,Travel,950708,1936,16412,198,4551,964,37
Account_1339,brand,Sports,246812,2887,35662,3251,3726,4068,96
Account_8350,female,Art,710087,2885,21148,4221,4929,4905,34
Account_4790,female,Music,206544,1450,78301,3224,3185,1567,41
Account_5169,brand,Travel,615130,1966,14823,236,3038,4115,201
Account_3135,brand,Business,551981,2467,46312,2252,4171,2723,215
Account_5498,male,Travel,94544,2223,14982,2240,1596,2493,247
Account_5645,female,Music,635066,1500,91359,2087,4887,299,236
Account_1661,female,Photography,465381,1048,78825,344,3966,1054,266
Account_6922,male,Travel,527527,1927,57837,5007,3476,295,276
Account_3581,male,Photography,237382,2301,40391,2661,677,4763,140
Account_1692,brand,Photography,957933,2811,61198,3851,2847,321,27
Account_3825,brand,Health,511614,2167,69985,2561,2248,1845,152
Account_2573,male,Entertainment,800389,1992,89263,3034,1688,3697,38
Account_1707,female,Sports,362829,10,11019,2515,1563,449,25
Account_2399,male,Art,52212,1180,92883,1059,83,88,201
Account_7689,brand,Photography,628602,274,30352,4790,80,2915,55
Account_2948,female,Fashion,138575,1899,41989,459,3980,992,66
Account_4197,female,Travel,81839,2640,55998,2432,3766,1600,81
Account_8805,brand,Entertainment,125863,1811,77004,3896,2084,4635,262
Account_8803,female,Health,997675,1614,85545,3571,1404,4926,131
Account_6028,female,Fitness,416718,718,79858,243,82,2268,156
Account_8249,male,Travel,403506,2637,9659,1906,244,1596,293
Account_5770,female,Fitness,781566,2866,93162,2422,2512,1129,131
Account_3475,male,Fitness,399582,2919,23848,936,4789,3757,66
Account_9487,brand,Entertainment,622254,623,35147,3048,710,3056,206
Account_1887,male,Photography,788134,2727,75266,2714,2119,4960,242
Account_4726,female,Health,688928,891,5206,977,3695,2585,221
Account_4318,female,Travel,80470,2157,97821,3239,1611,1548,188
Account_8676,male,Music,536695,2045,61741,2206,786,4485,98
Account_5209,male,Fashion,311992,1273,4412,2117,1401,4030,63
Account_2577,brand,Art,76584,1143,42308,3338,2149,3638,135
Account_9034,male,Art,987813,1827,57133,1591,2201,847,237
Account_1255,female,Fashion,765207,229,34812,3124,2077,1148,106
Account_5502,male,Music,916014,136,71002,3761,1231,1971,17
Account_5224,female,Fashion,953156,838,6842,801,2879,2554,137
Account_3189,female,Travel,51911,2448,67117,4905,1857,15,208
Account_7858,female,Fashion,873462,752,56153,3056,419,4890,272
Account_8127,female,Music,937842,446,57508,2039,322,4056,300
Account_1377,brand,Photography,325729,2284,16516,4524,1968,2185,255
Account_6375,male,Music,527233,1816,67944,3924,1961,4880,95
Account_5620,male,Art,894613,505,91140,4304,2105,2365,200
Account_5149,brand,Health,820742,930,66999,4683,937,1937,174
Account_2162,male,Fashion,297695,1041,37346,1470,589,2231,102
Account_2283,brand,Music,56111,1899,38052,618,4013,4140,222
Account_7578,brand,Health,677662,1016,98515,4630,1336,177,217
Account_7832,brand,Fitness,250405,1920,45487,4105,4900,4102,250
Account_9534,male,Business,563414,1997,18604,778,2386,2942,279
Account_4214,female,Travel,322596,2597,26166,1233,50,1390,83
Account_7915,female,Art,540541,1391,95263,4593,1563,2852,51
Account_1936,female,Travel,420549,2604,27562,168,781,9,119
Account_9066,female,Health,812408,1607,7265,2950,3884,4864,121
Account_8474,brand,Travel,864932,353,92201,2764,4666,3041,198
Account_9227,male,Business,103334,970,74367,3366,5005,4426,58
Account_5468,male,Art,80007,2233,33627,1366,3912,4145,234
Account_1739,male,Health,811343,2804,66695,711,4773,3555,58
Account_8642,male,Fitness,892712,2887,11925,202,1182,1494,136
Account_3613,brand,Travel,691164,1972,88657,4366,837,2599,227
Account_8903,male,Entertainment,986035,78,39652,3892,4143,3403,16
Account_2421,brand,Photography,998527,814,57576,2661,2657,3183,242
Account_6866,female,Fashion,46298,900,72261,19,2531,703,112
Account_3837,male,Photography,495747,2561,21229,806,1126,5066,209
Account_2369,brand,Entertainment,186148,0,20061,1897,754,1985,292
Account_7855,brand,Fitness,30710,1356,81311,4811,2562,4844,171
Account_2620,female,Health,588660,2811,87973,1228,1191,870,18
Account_8171,female,Travel,376659,2022,69502,735,1701,1782,126
Account_5592,male,Sports,363768,830,43867,1720,185,3407,200
Account_8137,brand,Fashion,441645,141,97004,2728,1561,4061,58
Account_2726,male,Health,352555,2657,26248,727,4820,1149,115
Account_7490,male,Sports,135523,776,21230,708,2701,3085,27
Account_3230,brand,Music,400901,799,91221,129,1148,3777,124
Account_3593,female,Entertainment,636323,1323,79066,3911,2902,465,169
Account_1352,male,Fitness,675962,936,93709,2141,4292,2099,66
Account_7958,female,Art,277009,1570,53934,4509,2047,100,86
Account_7781,brand,Art,309353,2733,8467,2262,4921,3930,84
Account_8252,brand,Entertainment,857122,1044,48869,2996,1645,3321,199
Account_5747,male,Photography,396598,2806,7289,1912,1681,2447,179
Account_4329,brand,Entertainment,264250,1418,46369,1293,1004,2719,260
Account_7339,brand,Travel,494707,1189,20871,2450,120,2773,90
Account_5143,female,Fashion,222665,828,4898,877,2533,4024,202
Account_9196,brand,Fashion,358242,926,38871,3814,4848,3527,76
Account_5578,brand,Entertainment,42543,2350,8750,4717,1119,3954,208
Account_8685,brand,Travel,252348,634,86981,4117,1000,2062,100
Account_3433,female,Sports,654583,1340,49243,1431,1052,2637,236
Account_3166,male,Business,643681,2391,17876,2457,4701,5105,255
Account_7542,female,Fitness,975053,1806,74428,4371,359,3480,108
Account_7173,female,Health,943789,228,97501,367,4619,3211,54
Account_4902,brand,Entertainment,486956,1713,10728,3008,4023,2759,229
Account_7174,female,Photography,345170,2477,40485,4357,1345,2109,86
Account_6315,brand,Sports,749128,603,25525,2980,1200,2609,122
Account_9920,brand,Health,120976,131,5158,4293,2701,3870,187
Account_4382,brand,Health,932970,1360,83862,1098,4164,4012,289
Account_1836,brand,Travel,831807,375,98959,3851,1233,3498,55
Account_8910,male,Fashion,46815,1077,66849,3564,582,4390,297
Account_6848,male,Travel,434859,2891,257,4812,2924,2002,269
Account_9333,female,Fashion,313472,1126,66834,4479,852,4387,146
Account_7220,male,Fashion,340067,917,10965,2052,739,3072,208
Account_7752,male,Photography,209789,946,43784,3074,1706,2227,200
Account_1624,female,Music,967689,1659,94761,3705,1813,1339,73
Account_6593,brand,Business,711565,232,52165,1203,3821,2854,25
Account_6865,brand,Music,3321,1510,24415,3750,3837,4581,162
Account_5378,brand,Fashion,834117,832,30224,2466,3654,3325,224
Account_1106,brand,Health,617860,111,170,915,3590,1440,95
Account_2521,male,Travel,70496,1883,44429,2512,969,832,201
Account_9861,male,Travel,787576,2537,30163,1598,3983,261,257
Account_9950,female,Business,114820,2321,81232,4264,3146,914,111
Account_4599,male,Sports,221096,271,96820,4409,4681,1106,53
Account_9120,male,Fitness,294111,87,77299,3710,519,224,98
Account_2521,female,Entertainment,986823,1551,49951,838,2922,145,52
Account_4756,male,Business,913109,246,84948,378,4634,2959,70
Account_4058,female,Sports,331907,754,73290,328,32,4225,223
Account_8416,male,Art,280338,2059,9666,2540,2996,4876,232
Account_8978,brand,Photography,819918,592,19964,2615,3098,2458,175
Account_4860,female,Music,211332,1681,64095,3840,4320,2254,144
Account_1789,male,Fashion,8811,2028,95659,1559,3677,1170,47
Account_1420,female,Business,138795,291,103,3302,3005,188,145
Account_2645,male,Photography,544933,590,56862,5104,63,1770,220
Account_3817,brand,Entertainment,559681,454,63864,2619,1246,3835,21
Account_3046,female,Health,893284,840,41919,4931,149,2475,178
Account_2602,female,Health,878351,1552,72319,3352,2828,2739,159
Account_5225,brand,Health,10370,2834,41063,1974,1965,548,189
Account_4335,male,Business,447644,1594,93528,3858,2536,1516,275
Account_4823,female,Music,952619,2935,39807,877,2574,4328,200
Account_3731,male,Sports,718668,2542,29423,3925,2232,2161,296
Account_1977,female,Photography,188253,570,20504,2701,599,3967,108
Account_6807,male,Health,730117,1068,42595,534,1192,447,236
Account_5961,female,Health,722712,1391,44048,2187,4959,3946,31
Account_3589,female,Travel,431928,2369,76313,2324,2125,4852,30
Account_1285,brand,Entertainment,972538,193,81233,2518,1564,518,153
Account_3193,brand,Health,690940,1994,86508,322,3774,479,56
Account_8020,brand,Sports,883284,642,39784,4579,4526,4353,10
Account_4542,female,Fitness,931291,602,73906,2324,1330,1753,93
Account_1153,female,Health,939377,1571,28032,248,2299,2603,46
Account_4808,female,Entertainment,944632,2380,5976,3757,2950,591,59
Account_3384,male,Sports,707787,1434,18274,1380,2618,981,175
Account_9384,male,Health,651688,369,6433,4460,1235,3807,129
Account_3199,male,Business,412163,2097,43714,2253,2577,2048,152
Account_9077,female,Sports,630788,2721,98329,3824,2288,1315,115
Account_4919,female,Travel,728365,1066,88647,1258,1272,1882,238
Account_1942,male,Business,115735,375,71156,1602,1580,99,176
Account_7174,brand,Photography,135591,374,21398,1816,1632,1217,208
Account_1030,male,Art,143653,1161,39505,1951,3340,1916,300
Account_1280,male,Fashion,905185,2910,12871,1058,1129,3464,132
Account_7295,brand,Fitness,503237,440,35301,3965,3016,1067,195
Account_9689,female,Fitness,322920,2479,95299,1366,245,1810,177
Account_2520,female,Sports,653648,1061,74579,3573,380,4942,297
Account_8405,male,Fitness,900597,103,17218,1161,1631,1650,81
Account_6907,male,Travel,105634,46,79165,295,500,1227,171
Account_8246,brand,Photography,215246,21,51735,2038,3267,3841,106
Account_8315,female,Photography,601451,2457,78778,1415,4344,1878,225
Account_1652,female,Fashion,403828,2379,83453,3871,1082,3366,235
Account_9710,male,Business,56637,1488,53944,3362,2474,2180,13
Account_7462,male,Art,364098,1410,91021,1464,3802,249,278
Account_1127,brand,Sports,322605,1180,4492,3106,1486,4562,243
Account_3335,brand,Travel,206643,2975,97067,1389,3506,1666,36
Account_2829,female,Sports,403966,1924,84348,3809,1075,2572,60
Account_5560,male,Entertainment,768045,2517,46551,4359,1555,1224,75
Account_6501,male,Sports,756464,615,78442,2285,1211,3670,53
Account_4329,male,Sports,473746,155,7069,1394,1461,121,98
Account_6683,male,Travel,958881,2683,39536,1767,245,492,127
Account_8730,male,Fitness,766690,74,64687,1402,1649,1115,144
Account_1398,brand,Fitness,53643,58,25056,510,5040,2198,110
Account_4756,brand,Sports,816817,1025,25561,545,1378,4962,134
Account_7380,female,Business,856225,2271,39722,1853,1068,1595,44
Account_5953,brand,Business,583116,2826,16247,339,1249,435,34
Account_9238,brand,Sports,171896,2828,18020,627,3374,540,300
Account_1108,brand,Music,887779,636,11494,2079,1196,2942,260
Account_1048,female,Business,748805,2129,49836,2928,183,4894,244
Account_9961,male,Fashion,109319,1471,96534,4539,2014,4088,269
Account_4327,female,Fashion,458048,2295,28859,4370,982,1992,279
Account_2557,male,Art,178448,2982,78757,3912,4642,3137,181
Account_2529,male,Music,853159,620,17975,4606,3296,860,133
Account_5007,brand,Art,592484,967,522,3148,4852,3582,47
Account_8427,male,Art,250819,100,78448,4144,4652,5100,214
Account_3372,female,Business,951955,2474,64272,507,1723,3250,273
Account_3549,brand,Photography,467551,902,28655,1607,3100,1520,94
Account_6117,male,Sports,951572,2177,62751,3194,299,901,50
Account_1426,female,Fashion,448545,933,51854,1666,3819,420,36
Account_7684,female,Travel,412699,956,39069,1460,2554,4761,212
Account_8574,brand,Photography,678203,1918,56206,1754,1692,2001,38
Account_8493,male,Art,624558,2343,30974,2479,1464,4818,199
Account_9064,male,Photography,212978,2395,38742,4695,3943,819,82
Account_1433,female,Sports,62164,295,43745,2585,2999,4691,261
Account_8574,brand,Travel,785648,829,59740,2861,454,2539,192
Account_7484,brand,Fashion,775056,66,76691,3338,2842,1084,269
Account_6783,brand,Fitness,413839,1929,60834,4068,2300,861,279
Account_3520,male,Entertainment,891668,2270,35126,2768,1710,586,13
Account_8453,male,Business,947237,595,48942,2053,4868,4919,70
Account_7884,brand,Travel,203587,1731,80443,4488,4971,4732,198
Account_8662,brand,Fitness,713543,1124,44603,4641,1957,711,26
Account_8867,brand,Entertainment,828151,1487,89238,2734,2975,3596,14
Account_6695,male,Sports,203712,467,29106,491,5010,2358,94
Account_1991,female,Music,379505,1839,48083,3381,5022,2500,255
Account_4773,brand,Music,51020,1665,97517,4683,388,2255,195
Account_5395,brand,Health,570240,1782,86031,2478,4417,2640,135
Account_2434,brand,Travel,256218,112,28352,2998,3173,4738,58
Account_5719,brand,Business,260554,79,69661,3963,2103,1488,12
Account_1807,brand,Entertainment,366726,647,82926,2300,2072,1270,90
Account_8438,brand,Fitness,230861,1285,68757,2783,2228,2572,237
Account_2999,female,Fashion,313155,274,66108,3674,1071,159,12
Account_3348,brand,Fitness,448001,475,63897,3101,1739,1817,154
Account_4927,male,Business,334321,1623,90734,4752,2939,2100,229
Account_8713,male,Art,609010,1779,62612,476,895,2505,145
Account_1413,brand,Sports,107043,707,48317,4231,4176,3317,91
Account_8804,female,Health,361188,2995,86244,1714,4883,5017,103
Account_8128,female,Entertainment,149794,2561,44886,3393,4203,189,19
Account_3642,female,Music,189616,1676,84123,4615,1798,1456,135
Account_3682,female,Art,954082,1100,6692,2488,3526,345,198
Account_5703,male,Entertainment,598761,2723,52349,4328,1635,2115,162
Account_4375,female,Photography,671815,2661,18071,4531,4943,5089,134
Account_2836,brand,Music,690716,305,40062,2245,2151,3230,130
Account_5888,female,Fashion,862601,2024,90441,2442,4287,1507,155
Account_1613,brand,Sports,326645,636,50520,1986,4045,4515,126
Account_7097,female,Business,541546,488,79280,3951,1869,873,18
Account_3745,male,Music,223891,558,91923,2659,4853,4547,109
Account_7863,brand,Business,919442,2047,74936,3398,1980,2142,242
Account_6103,brand,Entertainment,854006,2594,3854,2122,3033,3764,292
Account_1506,brand,Photography,833457,2725,77696,3780,3426,2062,231
Account_3252,brand,Health,730522,693,95065,3647,4026,3838,23
Account_3027,brand,Fitness,625958,1919,64206,2295,4460,1741,57
Account_5352,brand,Music,514800,1921,39358,4969,2016,4159,119
Account_2055,female,Fashion,814604,466,85286,4122,1832,3118,163
Account_6294,brand,Photography,712234,670,43528,224,4079,2539,151
Account_1515,female,Music,82007,1918,1260,111,4293,2274,168
Account_2335,male,Art,259434,1841,72515,4261,2278,5033,50
Account_9423,female,Music,246008,811,79980,2637,2599,1834,191
Account_3684,male,Entertainment,846979,1246,25161,2544,1308,1873,287
Account_6796,brand,Fashion,5594,586,33096,989,2703,1206,184
Account_9269,male,Entertainment,822820,1436,14514,3958,980,3295,163
Account_3512,male,Photography,928128,2262,1592,422,223,1451,225
Account_6682,brand,Business,75335,2687,21861,1222,1946,2737,166
Account_5326,female,Fitness,727765,176,85625,927,578,213,299
Account_5707,female,Sports,580443,60,54541,4114,1489,2039,118
Account_8272,male,Music,245647,2263,28457,2336,3214,348,122
Account_5940,female,Photography,724843,412,73946,2778,349,3864,157
Account_3604,male,Art,932670,459,77451,4616,2935,4777,32
Account_2812,female,Music,178425,87,82897,1000,4547,4151,58
Account_6659,male,Business,779310,879,29363,2010,3862,1238,93
Account_7873,brand,Entertainment,840713,1961,26555,4156,452,1567,135
Account_6299,brand,Entertainment,254466,1058,69468,3901,1407,3710,122
Account_6732,female,Art,77909,1655,40124,3832,10,3238,267
Account_7390,male,Fashion,864043,34,76674,323,3331,2899,184
Account_6296,female,Art,454640,556,29237,3804,2085,1584,207
Account_2799,female,Art,152364,1443,4335,3787,1594,3487,240
Account_4599,brand,Sports,327214,922,78369,1698,1349,4587,259
Account_4360,female,Business,650986,1549,9905,2346,447,2238,145
Account_8595,female,Business,816210,1458,91101,2247,2175,4247,152
Account_1962,female,Fashion,668047,1544,64824,423,75,3046,113
Account_8636,male,Fashion,696861,293,21225,541,98,11,23
Account_2541,male,Photography,907082,848,51215,2194,2697,4456,277
Account_7478,brand,Music,937621,845,34838,769,5069,3048,279
Account_7183,male,Fitness,271892,1241,71973,1040,4609,562,21
Account_3866,brand,Travel,935670,1476,90525,596,4811,4389,183
Account_9486,brand,Photography,143506,64,97802,2987,463,5038,167
Account_8786,female,Business,722948,1868,31483,1639,33,5086,160
Account_5924,female,Health,738976,2765,98313,3073,3415,2204,122
Account_2404,male,Art,535092,2408,27287,1183,3847,4542,104
Account_5783,male,Fitness,322394,2784,3090,3470,3882,720,247
Account_2877,female,Entertainment,64530,2703,62178,2380,1004,388,188
Account_4663,brand,Fitness,446717,672,99210,3557,465,2932,142
Account_7494,male,Music,830232,150,66526,1167,4042,4022,233
Account_9325,brand,Sports,122697,196,70864,91,1182,3367,160
Account_3356,brand,Travel,568360,2802,94261,2985,1375,4071,203
Account_2706,brand,Travel,903809,1506,34714,433,504,4715,251
Account_7004,brand,Travel,613153,1077,88365,3565,262,4277,59
Account_2350,brand,Entertainment,875615,1315,95223,191,1482,1754,77
Account_7088,female,Fitness,283311,742,73396,4521,5027,4647,12
Account_7041,female,Travel,426457,2420,44426,3954,2281,3001,96
Account_9073,female,Sports,119200,2629,13541,2850,533,2204,54
Account_8958,female,Business,667066,81,30403,2165,3558,4677,32
Account_4657,female,Fitness,423084,2303,21746,446,866,2766,249
Account_3235,brand,Art,980790,119,63831,1988,3931,742,153
Account_1698,brand,Health,15026,2318,28079,1398,4578,2686,298
Account_3926,male,Photography,470000,1467,3097,3804,2076,2075,43
Account_2722,female,Health,296322,2707,69081,1104,5101,4324,241
Account_8680,female,Fitness,264272,561,97722,3368,1642,4159,193
Account_3025,male,Fashion,925819,1301,7477,4542,3360,3823,284
Account_6213,male,Music,843612,2508,38189,3690,1937,3291,223
Account_8251,male,Entertainment,611461,1677,85625,3086,1884,3605,300
Account_1582,male,Fitness,580125,1399,92942,1845,4260,1165,82
Account_3838,male,Sports,22355,1089,20188,5079,3203,1547,73
Account_4979,female,Photography,740882,1559,84276,4383,1662,1799,299
Account_9026,female,Fashion,770696,112,70023,4348,3058,3672,51
Account_2421,male,Sports,393360,857,22705,3724,1731,733,136
Account_5113,brand,Music,171441,460,23199,3049,4721,3950,213
Account_3807,male,Travel,307547,1888,42379,3885,2406,158,299
Account_1950,male,Business,982011,457,49030,3485,801,828,212
Account_1532,male,Fashion,86332,2258,43013,2621,3696,4804,112
Account_3582,female,Fitness,459904,1975,48958,815,653,443,77
Account_7764,brand,Business,389564,2871,82441,4268,93,69,96
Account_2536,male,Fashion,929335,2328,75358,2233,1013,1037,22
Account_8147,brand,Entertainment,633830,1850,46931,4377,745,3084,200
Account_5422,female,Travel,311111,2702,12047,613,3049,2653,124
Account_5861,male,Business,995110,2380,62,2442,2007,828,48
Account_9448,brand,Photography,284373,1301,33814,4173,4686,118,100
Account_3243,male,Business,135813,2053,92998,3702,4517,2450,229
Account_9759,brand,Fashion,399137,2950,66704,4444,3491,4911,291
Account_8992,brand,Photography,641279,2833,50451,3338,3870,3612,74
Account_1280,female,Photography,368085,1536,30898,3734,1469,2920,232
Account_7161,male,Business,81166,928,82437,950,2416,3905,216
Account_1907,female,Sports,253955,894,20864,3680,3199,4301,198
Account_9017,female,Business,127931,2207,56630,157,23,1929,150
Account_7018,brand,Sports,669287,596,5041,1725,3877,267,91
Account_8847,female,Fashion,26743,2596,11014,4489,1817,3445,71
Account_3099,male,Music,595527,1091,76579,4642,2665,1220,87
Account_4709,male,Fashion,593367,2412,82459,2545,1400,3812,20
Account_6830,male,Art,97541,1471,15116,2373,2859,1499,78
Account_8943,male,Photography,877903,2190,16263,158,2710,630,60
Account_4643,female,Entertainment,663020,2330,56571,1573,2385,701,97
Account_7846,male,Travel,946797,104,34355,3158,2523,3476,22
Account_5853,male,Business,338243,413,53714,3633,1099,2214,32
Account_5200,male,Photography,871029,2087,15625,625,3904,2535,213
Account_9381,male,Art,960822,1655,78954,852,1042,286,44
Account_1930,brand,Entertainment,119058,1036,32639,4079,1894,2799,89
Account_3841,brand,Business,40844,1340,95073,2593,4039,3333,256
Account_9850,male,Business,485578,2771,66638,2114,141,3688,283
Account_1850,male,Fashion,200815,604,19386,288,1113,4294,149
Account_5048,brand,Health,594181,1841,78120,1003,4203,2895,20
Account_6460,brand,Health,715533,1053,43496,4204,223,942,36
Account_1607,female,Fitness,295452,1362,44367,2813,34,4865,210
Account_8406,male,Travel,656927,1176,77214,847,4123,259,101
Account_7045,brand,Business,319706,534,27503,2041,250,3809,117
Account_9092,brand,Business,80767,791,6994,1693,1191,3978,96
Account_3399,male,Fashion,14544,1870,50430,151,1153,3234,250
Account_4946,brand,Fitness,393371,1012,59211,2558,2914,2672,250
Account_8451,female,Photography,172656,1204,19949,2680,957,1270,279
Account_3598,brand,Sports,255367,921,65837,734,72,3333,233
Account_4944,male,Health,340702,1292,84491,352,314,1282,99
Account_1422,female,Sports,790032,1588,83077,2692,3893,1115,266
Account_6056,female,Entertainment,341519,1609,480,3067,1634,1651,86
Account_7576,brand,Sports,826489,1571,99993,1021,1407,3515,207
Account_6781,male,Music,109657,2342,64293,1235,3537,2223,123
Account_5574,female,Photography,466834,2052,4118,1449,421,4322,55
Account_7062,female,Health,69918,2214,92060,4019,2895,2239,231
Account_7990,female,Fitness,49643,2351,79800,1806,2272,1163,154
Account_7485,female,Health,755604,1166,77611,144,3308,1379,70
Account_3917,brand,Music,505066,1094,12527,1185,4736,1616,247
Account_2053,brand,Travel,28496,2220,27280,4378,3512,129,135
Account_9613,male,Entertainment,124466,1610,68271,582,2728,3344,156
Account_6922,female,Art,881410,964,64628,3929,4752,2625,198
Account_1200,male,Sports,50616,2263,66938,4129,196,3952,129
Account_7484,brand,Health,484406,1928,80630,1390,2776,3702,50
Account_1682,male,Music,481197,2773,83832,45,4972,915,217
Account_3419,male,Health,769686,133,92566,4716,4573,4727,138
Account_6157,female,Travel,585700,270,86337,851,2085,3951,67
Account_6699,brand,Sports,745028,1761,44579,365,5042,5078,44
Account_7155,male,Business,264971,1789,97675,2841,657,1558,206
Account_9724,female,Fitness,267675,2863,39937,1553,1553,2711,254
Account_3854,female,Sports,808699,459,60000,3766,180,1117,15
Account_6368,brand,Music,515455,557,21564,333,4114,1514,68
Account_7838,brand,Photography,890904,1612,50490,1356,2439,356,224
Account_3477,brand,Art,417932,2148,73925,675,2513,2933,200
Account_5014,female,Fitness,875586,1655,67376,1328,4810,64,61
Account_5495,brand,Photography,346826,1571,53359,553,2973,1920,200
Account_9488,female,Health,259035,2017,94544,2989,1495,4906,294
Account_9216,female,Fitness,494960,1167,87350,4489,2009,2755,54
Account_5166,brand,Entertainment,165010,1698,79741,3125,4288,3684,141
Account_1184,female,Art,712359,1321,69095,2649,1656,390,236
Account_1790,brand,Fashion,558271,1235,5470,2921,2133,2438,261
Account_3698,female,Travel,182648,2146,41753,3928,2914,4341,131
Account_7942,female,Sports,538926,407,23399,834,1264,580,244
Account_9545,brand,Fitness,365401,2719,13621,2229,3023,343,64
Account_2933,female,Business,363739,2358,71901,1877,1040,2013,20
Account_5181,female,Travel,740089,972,25220,4948,1503,2751,20
Account_8583,female,Health,635125,505,78825,1304,4801,325,178
Account_6485,brand,Sports,228901,2855,69812,4999,4962,3573,16
Account_3330,female,Fitness,731815,1849,65548,1612,2264,205,90
Account_9402,female,Entertainment,991301,715,73359,696,1612,4825,24
Account_8549,female,Business,655993,2584,36256,2860,3295,225,190
Account_6301,female,Music,948161,1478,5294,4699,2885,3367,81
Account_4641,brand,Health,354194,189,24882,983,3457,148,200
Account_9320,brand,Fashion,399157,2487,25341,3285,1105,502,94
Account_2247,brand,Art,526510,933,80445,926,1222,3070,65
Account_3101,brand,Business,730451,2900,85375,777,2105,1562,124
Account_1451,brand,Travel,233331,1627,4542,4992,1505,1216,121
Account_9657,male,Fashion,394792,731,98313,1871,1483,3182,184
Account_2441,brand,Photography,540604,1401,26056,1009,3975,1078,194
Account_4167,female,Music,930233,91,59690,2328,2164,4593,246
Account_3204,female,Health,834097,2234,62307,4390,557,815,290
Account_3729,brand,Art,120761,1671,94364,3685,17,733,94
Account_8518,female,Photography,764891,234,13449,4781,3470,3848,26
Account_7591,male,Fitness,927909,575,5009,2867,27,1473,92
Account_8409,male,Entertainment,822897,2720,96682,24,295,4163,196
Account_4109,brand,Music,973992,1512,21090,1010,4779,3031,83
Account_3296,brand,Music,202743,2148,6302,2559,2383,4652,190
Account_6649,female,Fashion,536384,1722,78666,3353,5065,2716,122
Account_3634,male,Health,786163,781,35042,491,851,4406,139
Account_6471,male,Travel,29000,608,58523,89,4655,5063,165
Account_7518,female,Business,620206,1407,7321,2961,431,2165,102
Account_7453,male,Business,155994,2637,94055,4728,3500,397,258
Account_2346,brand,Fitness,826957,2263,39129,4778,4829,4507,112
Account_1571,male,Sports,227002,694,89556,2226,3953,3051,202
Account_8503,female,Fashion,248287,980,58228,1682,2757,1086,56
Account_5600,female,Travel,677936,2024,86026,93,1565,4983,271
Account_6559,male,Sports,947746,1972,8194,1225,3888,3029,128
Account_1682,male,Health,871373,2526,63273,2168,1145,2548,128
Account_5938,female,Fashion,274332,2372,22310,378,776,2695,44
Account_1834,male,Health,507159,1628,38277,4053,158,2503,254
Account_5094,female,Art,213598,2895,14699,690,3712,748,163
Account_5599,female,Health,761502,1846,19871,3306,249,1253,185
Account_1191,brand,Fitness,447079,1745,10358,3538,2010,1440,14
Account_9362,brand,Entertainment,571778,2965,36213,1692,445,1770,76
Account_9446,brand,Sports,104910,931,71411,753,572,806,73
Account_9403,male,Business,776329,400,73887,78,505,605,125
Account_1117,female,Fashion,233129,1065,75582,2728,923,3712,297
Account_8199,female,Fashion,604570,512,79819,3362,3176,1370,12
Account_7071,female,Fashion,68597,1791,31851,1423,1324,3432,120
Account_9794,male,Travel,321791,1603,26023,1958,342,4034,181
Account_5422,brand,Fitness,819126,1050,44103,333,23,2458,36
Account_6259,male,Sports,643688,2706,46162,2895,4162,3171,56
Account_3096,brand,Fitness,325754,1568,53768,452,3088,1775,100
Account_8542,male,Art,272299,2203,55859,2847,1259,4788,80
Account_9173,male,Entertainment,237971,1159,38398,115,2444,4017,270
Account_9465,brand,Health,908334,2724,1252,2972,3927,2138,228
Account_5122,male,Fitness,170278,847,84041,4274,3194,2303,84
Account_6817,brand,Art,511446,2720,64292,873,3868,200,158
Account_4904,female,Sports,979377,2021,37214,3136,3986,2649,45
Account_7000,male,Sports,214022,2212,89131,3909,3736,664,152
Account_2172,brand,Music,86598,1839,18710,3297,3512,1838,231
Account_3892,female,Entertainment,700633,2653,87818,3349,208,1068,201
Account_5821,brand,Travel,741516,332,95395,4756,542,3569,238
Account_7532,brand,Art,412967,86,70863,1442,57,3278,54
Account_8435,male,Health,144185,498,62145,2974,1554,463,238
Account_9919,male,Health,510391,533,530,414,2233,4821,115
Account_9641,brand,Fitness,118666,98,81458,3203,4568,945,150
Account_8012,female,Fashion,212063,2979,45664,3979,1270,1518,116
Account_7152,male,Health,680217,988,30221,4217,699,2901,149
Account_3528,brand,Travel,58085,26,18129,4194,4162,253,118
Account_1836,brand,Art,253604,1265,67314,4524,2504,4843,81
Account_9867,female,Business,796252,2597,39502,2250,3930,4510,43
Account_3163,brand,Art,209426,2908,43380,1550,2306,2054,114
Account_3518,female,Art,403754,2514,26778,2201,21,1900,144
Account_6771,male,Fashion,553060,1756,76742,2909,1939,774,70
Account_1711,brand,Sports,988275,2739,81062,4682,4666,4332,226
Account_6510,male,Business,97694,1573,81403,378,2377,519,113
Account_4396,brand,Fashion,914229,1209,34973,4137,4210,1927,116
Account_6991,brand,Fitness,931190,1064,96022,1916,1064,125,95
Account_4426,brand,Travel,885459,470,17779,182,276,3735,287
Account_4802,brand,Entertainment,968522,111,69868,3747,1294,1186,192
Account_2952,male,Business,666797,2199,82843,3206,217,1871,94
Account_6335,brand,Photography,897005,2919,24391,3546,4581,5091,85
Account_7421,brand,Fashion,742406,1122,1347,4141,372,2083,148
Account_8455,male,Music,927470,967,50134,1987,887,4578,199
Account_5626,brand,Entertainment,397785,2134,26815,1870,3143,771,96
Account_9838,male,Art,754028,2844,1831,312,2313,3724,296
Account_3834,brand,Sports,432129,506,48070,1328,2169,4276,84
Account_3476,male,Art,472958,1442,61785,1304,1448,4018,48
Account_9883,brand,Photography,477343,2679,93990,2862,10,2632,167
Account_7019,female,Fitness,986193,43,56911,1694,4806,4556,178
Account_4823,female,Fashion,517133,2055,78893,3858,3579,2194,274
Account_4854,male,Business,327640,933,32897,655,4002,4333,204
Account_9679,female,Sports,98453,490,47731,898,1456,3549,109
Account_4909,male,Fitness,114185,2448,7862,1208,3889,4192,127
Account_7688,brand,Photography,566856,2645,12655,4576,2445,1201,216
Account_1714,male,Travel,983606,2329,25217,1551,1070,4079,150
Account_8229,female,Travel,360071,61,14169,3065,1247,722,284
Account_1793,female,Fitness,617558,586,51446,3323,2897,1744,287
Account_4977,female,Health,217328,2256,67497,2888,225,2279,142
Account_6719,brand,Travel,820391,2618,19472,3230,2059,2859,77
Account_9885,female,Fitness,438742,2305,63945,3324,1234,1896,117
Account_6494,female,Entertainment,978371,829,15096,2247,3629,1911,271
Account_3675,male,Music,38190,839,62155,1673,322,2065,13
Account_4903,female,Art,418526,2755,61931,1468,2056,3537,19
Account_9005,brand,Business,413083,1504,37576,4725,3412,1240,15
Account_3077,female,Fitness,818330,2629,9963,404,458,4358,125
Account_2315,brand,Health,778427,1020,67100,811,1202,4401,279
Account_5612,female,Fashion,365137,1206,88950,2670,2682,1180,186
Account_7443,male,Art,797537,1800,80865,1124,3831,1241,228
Account_8522,male,Art,542807,2524,11531,2703,3350,3477,226
Account_2336,brand,Fashion,200622,376,24644,1337,4499,142,27
Account_4288,male,Entertainment,364568,1484,80728,3016,2189,3071,20
Account_1667,male,Fashion,705137,1273,41274,440,3091,1844,184
Account_9752,brand,Travel,639444,621,42028,3457,2074,2634,77
Account_1533,female,Fitness,60933,1719,54945,239,5086,4515,145
Account_9413,female,Fashion,324618,2445,90186,3126,1677,2304,288
Account_2798,female,Music,184426,1984,33226,2036,2938,5046,173
Account_1280,male,Health,759907,1364,60911,827,1472,1417,233
Account_8966,male,Photography,293854,2177,25323,2294,3234,4814,111
Account_7414,brand,Health,857355,2933,12817,575,5109,2985,288
Account_4951,female,Entertainment,539715,2085,26589,4895,421,803,90
Account_9347,brand,Fitness,757486,713,55911,3665,4921,1347,149
Account_5645,male,Fitness,716344,2564,87243,740,3705,862,164
Account_4156,male,Music,569435,2363,48801,2081,654,1267,263
Account_5884,male,Business,551457,2477,17545,4274,207,3255,229
Account_8997,male,Health,422366,1265,58046,4826,1713,4832,97
Account_1744,brand,Fashion,931598,583,1996,196,3563,2792,188
Account_5646,female,Fashion,838629,1242,66232,1639,3891,4415,24
Account_8229,brand,Fashion,464060,2251,74022,2999,1475,799,239
Account_9186,female,Entertainment,682045,2459,39726,3690,2117,3313,95
Account_8878,brand,Sports,546478,1175,19716,313,2603,1021,278
Account_9457,female,Sports,928355,59,40173,185,4546,3856,97
Account_2533,brand,Business,57017,32,695,1963,3960,3055,188
Account_6026,female,Fitness,743412,2937,26100,1742,998,625,188
Account_1565,female,Music,209338,970,65780,944,2803,4800,241
Account_5947,brand,Travel,260827,504,76111,3770,1189,3167,190
Account_8340,male,Music,66505,2106,96306,1867,1972,4726,243
Account_3428,female,Health,52627,1507,41422,2300,3607,4228,285
Account_2456,male,Travel,952940,1121,53096,3824,3913,4000,160
Account_3955,male,Fashion,262627,1871,35527,2383,3720,3723,59
Account_7052,brand,Health,129427,733,69097,4405,4157,3763,114
Account_6289,male,Sports,539262,142,40797,1819,1398,3643,155
Account_9112,brand,Art,204381,2029,26380,4803,963,3399,243
Account_3863,female,Fitness,896613,754,45925,3794,1278,2658,133
Account_9889,male,Health,434087,1205,49267,76,4557,2864,48
Account_4770,male,Fitness,947980,2692,10771,3299,4207,816,271
Account_8110,brand,Entertainment,480828,2753,68684,531,4840,1338,29
Account_2857,brand,Music,284346,1240,54171,2100,3967,2488,162
Account_2556,male,Health,373679,1570,94830,3799,1405,2657,25
Account_9644,male,Fitness,323400,941,51207,658,3999,1756,112
Account_6020,female,Photography,437470,1480,95225,4531,3906,964,180
Account_8053,male,Sports,367661,452,23268,124,1152,4910,142
Account_2675,brand,Entertainment,795397,1283,52601,3608,2126,63,275
Account_8302,female,Travel,463866,661,10499,2237,2003,362,117
Account_3643,male,Business,478582,473,32415,4698,2359,1450,67
Account_3228,male,Health,594964,1845,91931,3768,908,752,91
Account_3481,female,Business,808962,307,12737,3634,4032,4967,89
Account_1476,brand,Sports,341587,267,86170,3626,956,272,26
Account_2888,brand,Travel,273701,1852,93393,3639,981,4714,266
Account_2461,male,Health,428952,2445,42424,2541,1445,3817,262
Account_7623,female,Fitness,908009,1976,62535,4327,1635,384,242
Account_6679,brand,Art,234272,226,73120,2063,2574,3652,86
Account_5358,brand,Travel,287193,2347,87872,2502,4324,1603,213
Account_4007,female,Fitness,92006,2427,58257,954,4836,85,196
Account_5641,brand,Art,736583,440,51964,158,3353,3603,15
Account_1381,female,Business,974125,208,66416,1509,396,1404,70
Account_6134,female,Sports,685480,1176,16581,2573,4283,3931,112
Account_2371,male,Music,964514,2704,92173,4726,3608,903,276
Account_9255,female,Travel,289880,2220,50635,3011,1615,1124,99
Account_3257,male,Travel,273123,1121,64272,5101,32,118,150
Account_4858,male,Art,446543,2319,88016,2651,1504,4053,188
Account_7001,brand,Business,821278,2406,67844,4989,838,514,292
Account_8710,brand,Music,83833,1078,60841,4188,3558,160,298
Account_7588,male,Photography,586687,713,14170,1161,2008,4733,53
Account_2596,female,Photography,752717,526,62585,4065,854,1583,293
Account_6719,brand,Sports,931673,2992,62659,3569,416,3710,19
Account_4124,male,Business,405329,890,90181,2656,3713,3881,224
Account_3852,brand,Sports,758381,1009,24032,1905,1128,1654,170
Account_4001,brand,Music,943598,2006,35628,3782,4688,3136,161
Account_8739,female,Art,358971,2027,97529,3591,1750,1805,228
Account_1905,brand,Entertainment,936041,1825,85924,1271,598,4645,271
Account_5919,brand,Music,621182,183,72571,4490,1069,4444,61
Account_3301,female,Fashion,383086,2277,92383,4080,4493,1159,95
Account_2436,brand,Photography,349123,2255,27237,3301,1792,593,43
Account_3241,brand,Sports,588288,840,42722,3636,815,1590,203
Account_3770,female,Health,280196,1079,90892,1488,5012,3832,88
Account_6921,male,Entertainment,606200,1187,41380,609,4541,2387,253
Account_5488,female,Entertainment,227683,694,80248,2994,4385,4806,116
Account_4638,brand,Travel,419875,109,47088,1522,3851,4977,154
Account_8918,male,Fitness,960567,2669,47441,1136,270,4525,32
Account_3225,brand,Fitness,8090,2411,3027,4363,2065,3900,271
Account_7483,female,Travel,345171,1799,9596,3598,3300,1029,40
Account_6028,male,Sports,722711,1882,27195,4487,1623,4215,212
Account_1222,female,Health,209785,2524,61383,3857,4210,2266,100
Account_3371,male,Photography,882344,2392,77984,2766,4524,3142,208
Account_8693,female,Fashion,528125,518,73566,1009,2458,2329,262
Account_7364,male,Business,400221,441,37529,1707,74,1347,27
Account_4431,male,Photography,582000,1439,64334,313,3402,387,181
Account_2463,male,Sports,874502,2771,74428,4873,3145,5034,167
Account_5658,male,Sports,841549,1415,40254,333,2153,3842,46
Account_6274,male,Art,618777,1894,6354,3895,249,271,275
Account_6968,brand,Music,748698,2658,12227,3280,1972,2351,68
Account_3419,female,Business,316450,2656,28837,858,1861,909,43
Account_6249,brand,Entertainment,742996,216,72660,2586,1303,863,271
Account_3327,male,Business,846853,2331,87876,2126,1885,526,258
Account_9764,male,Entertainment,535343,533,18220,4314,798,2098,246
Account_2543,brand,Sports,793451,2745,93632,1580,2321,4033,223
Account_1189,female,Fitness,333709,2966,35673,4285,4918,1065,74
Account_4428,female,Travel,238866,2026,60115,1395,1226,1235,123
Account_1330,female,Photography,503084,561,23800,5087,132,3000,53
Account_9524,female,Sports,214873,2990,62612,2744,4946,3689,67
Account_8788,female,Fitness,847018,961,60570,2518,2388,811,291
Account_5256,female,Music,557371,1959,47239,374,3341,3670,194
